CarType, Year, Color, Miles
Truck,Black,2012,30302
Sport,Gray,1977,162612
Sedan,Gray,2008,73867
Sport,Black,1979,37926
Sedan,Red,2008,12807
Sport,Gray,1983,211683
Sedan,Red,1994,91742
Sport,Black,1994,47025
Truck,Black,2006,179532
Truck,Gray,1992,80228
Sport,White,1989,16105
Sport,Blue,1981,217939
Sedan,Red,1995,249843
SUV,Blue,2001,213652
Sedan,Blue,2000,192652
Sedan,White,2011,114577
Sedan,Gray,1992,92247
Sedan,Red,1976,131296
Truck,White,1973,63096
Sport,Red,1992,17052
Sport,Gray,2013,140964
SUV,White,1981,28419
SUV,Red,2019,12553
Van,Red,1984,146102
Sport,Gray,2021,171451
Sedan,Black,1974,143985
Sedan,White,1993,161667
Truck,Gray,2019,34
Sedan,Red,2014,65971
Sedan,Blue,2015,24013
Sedan,Red,2008,6824
SUV,White,2017,57732
Van,Red,2002,196651
SUV,Gray,1999,107052
Sport,White,1974,207229
Truck,Gray,1998,144544
Truck,Red,2001,121196
Truck,Black,1987,249051
Sedan,Red,2002,135932
Sedan,Blue,1994,50718
Sedan,Gray,2017,179579
Sedan,Blue,1975,225867
Sport,Red,2012,31020
Sedan,Gray,1976,187950
Sport,Red,1992,150029
Sedan,Blue,1989,243957
Sedan,Black,2015,50512
SUV,Black,1993,161057
Sedan,Gray,1994,215914
Sedan,Black,1986,160180
Sedan,Blue,2008,205525
SUV,Red,2006,77215
Sport,Red,1994,37876
Sport,White,1984,177654
Sedan,White,1985,88088
Truck,Black,2008,132471
SUV,White,1974,145969
Truck,White,2000,81974
Van,Red,1974,54633
SUV,Gray,2022,135829
Sport,Red,1982,34615
Van,Red,1998,172504
Sedan,Red,1978,94479
Sedan,Red,1989,173347
Sedan,White,1991,210816
Van,Black,1983,189418
Sedan,Red,1978,82334
Sport,Gray,1985,83827
Sedan,Red,2006,92050
SUV,Red,1982,129882
SUV,Red,1989,131090
Truck,Blue,2012,162313
Sedan,Gray,1979,117123
SUV,White,1996,90791
Truck,Gray,1999,31330
Truck,Blue,1984,49789
SUV,Blue,2006,177821
Truck,Blue,2012,194130
Sport,Red,1993,6888
Sport,Black,1991,88121
Sedan,Gray,2004,122971
Truck,Black,2016,95208
Truck,Black,2009,59706
Sedan,Red,1992,136042
Truck,White,2016,104904
Sedan,Red,1977,91843
SUV,Gray,1996,71556
Sedan,Red,1988,12414
Truck,Blue,2022,7429
Sedan,Black,1998,172611
Sedan,Black,1978,147880
Van,Black,1992,50672
Truck,Blue,2002,162964
Truck,Red,1981,59660
Sport,Blue,1996,58381
Truck,Red,1981,192560
Sedan,Black,1985,60528
SUV,Gray,2016,46207
Van,Black,1993,123598
Sedan,White,1986,168025
Van,White,1985,164364
Sport,Blue,2009,22674
Sedan,Red,1978,87985
Sedan,White,2008,201835
Truck,Red,1999,7467
Van,Black,1989,3477
Sedan,Black,2014,242047
Sport,Black,2012,55674
Truck,Red,2019,17678
SUV,Red,1976,110766
Truck,Blue,2023,246725
Sport,White,1995,134861
Van,White,1980,28034
Sport,White,1983,140086
Sedan,Black,1999,59183
Sport,Gray,1997,80103
Van,White,2015,240799
Sedan,Red,2007,151190
Truck,White,1991,1682
Sport,Red,1985,135791
Sedan,Black,2006,210267
Van,Blue,1980,47430
Sedan,Black,1994,209940
Van,White,1998,3802
Van,White,1996,151187
Sedan,Gray,1980,248514
Truck,Red,2002,64472
Sedan,White,2022,160822
Truck,Gray,2002,224607
Sedan,Red,1997,107680
Truck,Blue,2008,204713
Truck,Blue,1980,210961
Truck,Blue,1998,21260
Truck,Blue,1985,216097
Sedan,Blue,1984,241853
Sedan,Black,1985,14151
Sedan,Blue,2018,181731
Sedan,Gray,1991,82804
SUV,Gray,1989,131306
Sport,Red,2022,74804
Van,Black,2010,85506
Sport,Red,2021,245151
SUV,White,1999,60568
Sedan,Blue,2020,18493
Sport,White,2012,11326
Sedan,Red,1994,135915
Sedan,Gray,2003,74116
Van,Red,1991,228474
SUV,Gray,1994,237783
Sedan,Red,2002,174762
Sedan,Red,2012,228766
Truck,White,2015,108114
Van,Blue,1973,49485
Sedan,White,1985,21887
Van,Red,2015,114520
Sport,Blue,1978,77318
Van,Red,2009,30479
SUV,Gray,2019,225130
SUV,Red,2001,71171
Van,White,1978,157348
SUV,Gray,1986,196937
Van,Red,1991,159835
Truck,Blue,1998,98388
Truck,Red,1985,164838
Sport,Red,2015,63969
Sedan,Gray,1988,106138
Sport,Blue,2004,26490
Van,Red,1994,6001
Sport,Gray,1999,35889
Sedan,Gray,2019,99918
Sedan,Red,1995,134465
Sedan,Blue,2008,205222
Van,Gray,1988,77574
Van,Blue,2015,139598
Sedan,Red,1994,143497
Sedan,White,2004,45638
SUV,Blue,1986,242771
Sedan,Red,2023,47761
Van,Black,2013,60555
Sport,Blue,1999,244476
Sedan,Gray,1988,155883
SUV,Red,1999,181998
SUV,Red,1990,138771
SUV,Black,2005,77582
Truck,Black,2020,234525
SUV,Black,2008,232160
Sedan,Red,1983,214826
Sedan,Red,1991,13083
SUV,Red,2003,137154
Sedan,White,2002,210004
Sedan,Gray,2009,128883
Truck,Red,2011,231801
SUV,Red,1979,60916
Van,Red,1981,105916
Truck,Black,2014,149985
SUV,Black,1988,56919
Sport,White,1982,36159
Sedan,White,2004,57388
SUV,Black,1984,123762
Sedan,White,2007,182450
Van,Gray,2001,55335
SUV,Gray,2020,65140
Van,Red,2011,3490
Truck,Red,1978,10380
Truck,White,2022,69913
Van,Gray,1990,89656
Sedan,White,2018,169564
Van,Red,1997,124406
Sport,Gray,1980,31498
Van,Gray,1989,176280
Truck,Black,2004,9597
Van,Red,2000,97308
Sedan,Gray,2005,172314
Van,Black,1973,79396
SUV,Red,1992,227780
Sedan,Gray,2021,196705
Sedan,Red,1973,163817
SUV,Black,1976,121715
Sport,Blue,1976,117549
Sedan,Red,1974,224250
Sport,Black,2000,61800
Sedan,Red,1977,220032
Truck,Blue,2013,178918
Van,White,2001,16147
Sedan,White,1981,213552
SUV,White,2001,78276
Van,Gray,1998,177360
Sedan,Black,2021,101390
SUV,Red,1991,148266
Truck,Gray,1984,215012
Van,Red,2013,62402
Sedan,Black,1976,8742
Sedan,Gray,2014,138744
Sedan,Red,1981,39371
Sedan,White,1982,31054
Sport,White,2008,106060
Van,White,2006,167576
SUV,Gray,1996,55270
Van,White,1990,15888
Sedan,Red,2009,226028
Sedan,Gray,1978,149711
Van,Black,2016,44514
Sedan,Red,2002,146542
Sedan,Black,2011,173902
Van,Black,1990,130403
Truck,Red,1991,222486
Sedan,Black,2008,150912
Van,Red,2019,133814
Sedan,Gray,2023,223715
Sedan,Red,1987,103053
SUV,Red,2003,7309
Sport,Black,1997,182044
SUV,Gray,2022,248669
Sedan,Red,1983,230257
Sport,Black,1992,177820
Sedan,White,1979,236171
SUV,Blue,2019,39673
Sedan,Red,2012,174940
Sedan,Gray,1975,144508
Van,Red,2017,210865
Van,Black,2017,76528
Truck,White,1998,191430
SUV,Red,2011,242582
Truck,White,1986,121937
Sedan,Red,2003,197463
Sport,White,2007,220998
Sedan,White,1994,249688
Sport,Black,2013,97050
Truck,Red,1985,178857
Sedan,White,2001,98048
Sport,Black,2005,87112
SUV,White,1987,121419
Van,White,2011,107244
Truck,Red,2002,234817
Truck,White,1973,5332
Sedan,Blue,1989,240548
Truck,Blue,1998,64153
Sedan,Gray,2016,2164
Sedan,White,2016,46766
SUV,Black,1979,85156
Van,Gray,2022,137875
Van,Blue,1976,144621
SUV,Gray,2018,70867
SUV,Gray,1984,27639
SUV,White,2005,219770
Sedan,White,2004,185375
SUV,Black,1985,221704
Truck,Gray,2007,48386
SUV,Red,2012,36265
Sedan,Blue,1980,46524
Sedan,Red,2023,161176
Sport,Blue,1988,133187
Sedan,Blue,2013,112268
Truck,Black,1990,3005
Truck,Blue,1995,209887
Sedan,White,1982,192757
Truck,White,1974,29833
Sport,White,2019,182466
Sedan,Blue,2012,6232
Sedan,Black,2015,88662
Sedan,White,2014,114331
Sedan,Red,1994,17477
Van,White,1995,139256
Sport,Gray,1998,17985
Sedan,Red,1998,225430
Sedan,Red,1984,123
Sedan,Black,2021,202543
Van,Black,1986,154523
Truck,Gray,2003,22105
Truck,White,1983,81846
Sedan,Black,1977,236586
Sedan,White,1984,86282
Sport,Gray,2014,116530
SUV,Gray,1977,82210
Sedan,Gray,2010,70990
Sport,Gray,1979,108596
Van,Red,2021,174264
Sedan,Red,1975,161482
Truck,Gray,1999,70225
Sedan,Black,2000,1667
Van,Blue,1992,61502
Sport,Gray,1984,182688
Van,Red,1980,206960
SUV,Blue,1982,138117
Sedan,Black,2000,36209
Sedan,Red,2005,56613
Sport,Red,2002,4706
Sedan,Red,1973,162163
Truck,Red,2019,120125
Sedan,Red,2013,207199
Truck,Red,1993,235814
Sedan,Black,2008,23646
SUV,Blue,2001,36239
Sedan,White,2022,63133
Sport,White,2002,29341
Sedan,White,2005,171476
Truck,Blue,2018,186603
Truck,Black,1982,1103
SUV,Blue,1992,36760
Truck,Gray,1974,126181
Van,Black,1995,141784
Truck,Blue,1983,208857
SUV,Gray,2005,123516
Sedan,White,1993,98968
Sport,Black,1995,130475
Van,Gray,2000,131044
SUV,Gray,2000,246307
Truck,Red,1990,65788
Truck,Blue,1987,87260
Sport,Blue,1989,178045
Sedan,Blue,1985,196093
Sedan,Red,1989,223931
Van,Gray,1990,209079
SUV,Red,1990,224108
Sedan,White,1998,105405
Van,Black,2006,79305
Sport,Red,2008,142466
Sedan,Blue,2016,161730
Truck,White,2021,111387
Sport,Blue,1991,153093
Sport,White,1973,163089
Sport,Black,1989,226277
Van,White,2011,36294
Van,Red,2021,68990
Sedan,Red,1998,232702
Truck,Red,2007,21016
Sedan,Red,1989,89141
Van,Red,2000,122555
Sport,Red,1989,8195
Truck,Red,2012,92612
Truck,Red,1978,237627
Truck,Blue,1978,130112
Truck,Blue,2018,98854
Sedan,Red,2017,76289
SUV,Gray,1998,216601
Sport,Gray,1973,197897
Truck,Blue,1979,235504
SUV,Gray,1985,247058
SUV,Gray,1976,9876
Truck,Gray,1996,45019
Sedan,Red,2015,184505
Sedan,Blue,1993,209412
Sedan,Red,2001,59046
SUV,Gray,2022,33994
SUV,Black,1980,182541
Sedan,Black,2009,174103
Sedan,Black,1976,123391
SUV,Black,1984,30509
Sedan,White,2018,38044
Truck,Red,1982,116768
Truck,Red,1990,157389
Sport,Red,1986,107264
Sedan,Blue,2018,112882
SUV,Gray,2003,79951
Sedan,Black,2013,242131
SUV,Blue,2019,202254
SUV,Gray,1995,166874
Sedan,Blue,2012,125292
Sedan,Gray,2009,74916
Van,Red,1976,158426
Sedan,Black,1976,192012
Sedan,Red,1978,185548
Truck,Red,1977,40283
SUV,Blue,1980,92411
Truck,Black,1987,231452
Truck,Red,2014,59576
Sedan,Red,1987,180271
Sedan,Black,1982,32283
Van,Red,2022,21570
Sedan,Red,2005,114047
Sport,Gray,2016,223755
Sport,Blue,2005,108775
SUV,Gray,2020,166471
Sedan,Red,1974,171382
Sedan,Red,1973,5126
Truck,Gray,2009,203088
Sport,Blue,2022,119151
Van,Blue,1973,110263
Sedan,Black,1976,170289
Truck,Gray,1986,247806
Sedan,Red,1978,141880
Sport,Red,2004,70935
Sedan,White,1988,12674
SUV,Red,2014,171975
SUV,Gray,1986,57400
Sedan,Red,2021,129500
Truck,Blue,1994,124118
Truck,Black,2004,173779
SUV,Red,2010,176104
Truck,Gray,2011,70384
Sedan,Red,1995,41157
Sport,Blue,1990,99866
SUV,Red,2017,173379
Truck,Red,2017,233420
Sedan,Blue,2012,159471
SUV,Red,2021,227011
Sport,White,1981,89103
Sedan,White,1977,28460
Truck,Red,1976,33512
Sport,White,1990,212679
Sport,Blue,1974,86887
Truck,Gray,1997,180120
Van,Red,1996,73321
SUV,Red,1998,98075
Van,Blue,1992,232341
Sedan,Black,2010,133413
SUV,Black,2023,141008
Sedan,Blue,1992,66708
SUV,Red,1995,39622
Truck,Red,1991,46308
Sedan,Gray,1997,222172
Van,Gray,1981,206036
SUV,Red,1997,109054
SUV,White,1994,86211
Truck,Gray,1999,63686
Sport,Red,2007,36433
Sedan,Gray,1987,67661
Truck,Black,2001,119089
SUV,Blue,2009,13129
Sedan,Red,2001,68083
Truck,White,2003,21431
Sedan,Black,2023,147192
Van,Red,2005,90215
Sedan,Blue,2009,112618
Sedan,Black,1999,220423
Truck,White,1986,44324
Sport,Blue,2017,38563
SUV,Gray,2002,147541
Sedan,Black,1984,232231
SUV,Blue,1973,58624
Sport,Red,1983,123956
Van,Red,1990,222711
Van,White,2011,87423
Sport,Red,2012,44494
SUV,Red,2016,141147
SUV,Gray,1996,193868
Sport,White,1987,129512
Sport,Red,1996,229780
Sedan,Black,2021,58092
Sedan,White,1986,161425
Van,Red,1976,246809
Sport,Blue,1975,118766
Sport,Red,1978,221089
SUV,White,2015,235613
Sport,Gray,1979,180178
Sport,White,2014,48505
Sport,Blue,1977,37796
Sport,White,1987,119033
Sport,White,2020,246731
Truck,Red,2016,187279
Sedan,White,1989,174456
Sedan,Gray,1979,215600
SUV,Red,1995,236400
Sedan,Black,2012,230241
Van,White,1983,171216
Sport,Blue,1990,44309
Van,Blue,2022,183103
Sedan,White,2004,67398
SUV,White,1986,49309
SUV,Gray,1995,4132
Sport,Red,1999,156367
Truck,Red,1996,193197
Sport,Gray,2006,27149
Sedan,White,1973,180592
Truck,Gray,2015,85716
Sedan,Black,1974,119246
Sport,White,2007,231437
Van,Blue,1978,229008
SUV,Blue,1991,102750
Sedan,Red,2005,146726
Sedan,Red,2015,206842
SUV,White,2014,11329
SUV,Gray,1975,100268
SUV,Red,2000,48608
SUV,Red,2008,74105
Sedan,Blue,1990,209200
Sedan,Blue,1999,205377
Sport,White,1999,104925
Sport,Gray,2020,227401
Sedan,Red,2012,228507
Van,Red,1987,79110
Sedan,Red,1988,28770
SUV,Red,1985,82357
SUV,White,2010,54538
Sport,Black,1985,151613
SUV,Blue,1994,114019
Sedan,Blue,2007,204392
Sport,White,2014,111133
SUV,Black,2012,217895
Sport,Red,2000,29615
Van,Gray,2012,215345
Sedan,White,1994,244919
Sedan,Red,2018,66133
SUV,Gray,2013,229790
Van,Gray,2015,170890
Sport,Blue,1985,76272
Sedan,White,2022,25547
SUV,White,1980,65987
Sedan,Red,2006,44242
Truck,Gray,2015,75052
SUV,Blue,2010,143230
Sport,Red,2012,183857
Sedan,Red,2013,120872
Van,Red,2007,190010
Sport,White,1999,215420
Truck,Red,1999,3098
SUV,White,2023,177858
Truck,White,1996,228400
Sedan,White,1989,18616
Truck,Red,1989,200228
SUV,Gray,1999,139190
Sedan,Blue,2004,51076
Sedan,Red,1993,80003
Truck,Red,2018,6261
Van,White,1984,68760
Sport,Red,1997,67568
Truck,Red,1989,143777
Sedan,Black,2018,50005
Van,Gray,1997,5297
Sedan,Gray,2011,134420
Sedan,Red,1993,186476
Sedan,Black,1990,22704
SUV,Gray,1997,112045
Sport,White,2016,178020
SUV,Black,1984,199688
Truck,Gray,2022,31887
Truck,Blue,2019,84259
Sedan,Gray,1975,132714
Van,Gray,2010,80747
Sedan,Red,1981,207613
Truck,Gray,2015,149563
Van,Gray,2023,203660
Sedan,Red,1994,62978
Sedan,Blue,1996,66111
SUV,Blue,1980,41286
Van,Black,1986,32175
Van,White,1995,212579
Sport,Red,1974,82370
SUV,Black,2012,17370
SUV,Red,2011,185726
Sedan,Gray,1979,37094
Van,Black,1981,13502
SUV,White,2012,218250
Sport,Gray,2014,137025
SUV,White,1976,69304
Sport,Black,2006,161955
Sedan,Red,2023,72877
Sedan,White,1975,18385
Truck,White,1983,235088
Truck,Blue,1984,233245
Sedan,Red,2013,184078
Sport,Red,2014,77667
Sedan,Gray,1975,230176
Van,Gray,1988,114428
Sport,Red,1978,215335
Sport,Black,2006,7989
Sport,Blue,1987,52822
Truck,Blue,1984,16000
Sedan,Black,1978,21957
Sedan,Black,2007,167750
Sedan,Black,1992,204706
Sedan,White,2010,239926
Van,Blue,1973,36847
Sport,Gray,1990,23501
Truck,Gray,1994,194033
Sedan,White,2001,155396
Sedan,Red,1976,165711
Sport,Red,2018,45403
Van,Blue,2021,241520
Sedan,Black,2000,181279
Truck,White,1974,190610
Van,Gray,1981,150822
Sport,Red,2016,110042
Sedan,Blue,1986,45087
SUV,Black,1992,197447
Truck,Black,1986,137260
Sedan,Red,1983,196155
Truck,White,1991,29540
SUV,Black,2008,190126
SUV,Red,1995,38631
SUV,Red,1994,167096
SUV,White,2014,189143
Sedan,Blue,1994,119567
Sport,Gray,2012,157820
Truck,Black,1997,119359
SUV,Black,1976,10906
SUV,White,1990,201190
Truck,White,2019,147789
SUV,Gray,2005,228349
SUV,Gray,2022,37880
Sedan,Blue,2004,88628
Sedan,Red,1980,205944
Van,Red,1983,79518
Truck,Red,1982,68552
Sedan,Blue,1995,238742
Sedan,Black,1984,17066
Sedan,Blue,2010,112535
Truck,White,2009,187143
Sedan,Red,1974,172856
Sport,White,1986,171644
SUV,Red,2006,55342
SUV,Blue,1996,176087
Sedan,Red,1995,207409
Van,White,1977,82671
Sport,White,2001,243408
Truck,Red,1978,153023
Van,White,2001,46583
Sedan,White,1997,65408
Sedan,Black,1981,12808
SUV,Black,1975,170637
Sport,Gray,2003,171753
Sedan,White,1973,114461
Sedan,Gray,2016,100441
Sedan,Red,1990,10035
Van,Red,1977,58677
Van,Red,1984,32533
Sedan,Gray,2015,77295
Sport,Red,2018,17659
Sport,White,2003,244559
Sport,White,2022,230301
SUV,Red,1988,9962
Sport,Gray,2000,129673
Truck,Red,2017,62727
SUV,Red,2016,190217
Truck,Black,1988,115031
SUV,Red,1985,95394
Sport,Red,2012,55766
SUV,Blue,1981,2167
Sedan,Red,2004,238123
Van,Gray,1993,57349
Sedan,White,1976,96271
Sedan,White,1980,49314
Sedan,Blue,2021,84918
Sedan,Black,2013,136093
Sedan,Red,1973,14031
Sedan,Blue,2019,66164
Sport,Red,1989,173716
Sedan,Red,2002,115027
Truck,Red,1975,171552
SUV,Red,2007,184032
Sport,Red,2000,49080
Sedan,Black,1973,236774
Sport,White,2000,73521
Truck,Red,1998,173458
SUV,Blue,2004,13545
Sedan,Black,2017,217050
Truck,Blue,1984,115435
Sedan,Blue,2022,186392
SUV,Black,2023,79657
Sedan,Blue,2000,201934
Truck,Gray,1992,93811
SUV,White,1997,220183
SUV,Blue,1988,86925
Sedan,Gray,2006,86250
Sedan,Black,2017,146139
Sport,Red,2007,168529
SUV,Red,1973,248345
Sport,White,2020,5662
Sedan,White,1991,80301
Sedan,Red,1987,193920
SUV,Blue,1993,58021
SUV,White,1976,133971
SUV,Red,1978,49014
Sedan,Red,1991,24809
Sedan,White,1992,187927
Truck,Black,2009,210429
Sedan,Gray,2004,42092
Van,Black,2007,48664
Sport,Black,1996,142635
SUV,Gray,1999,90119
Van,Black,1982,63608
SUV,White,2010,216839
Sport,Red,1975,186672
Sedan,Blue,1975,5841
Sport,Gray,1982,230392
Sport,Gray,1982,170969
SUV,Red,1984,202231
Sedan,Gray,1999,196784
SUV,Red,2017,170253
Sedan,Blue,1985,17831
Van,Gray,1990,103565
Sport,Blue,1976,229036
Van,Red,1981,244950
SUV,Red,2021,150440
Sedan,Gray,1985,127924
SUV,Red,1977,202363
Sedan,White,1999,238161
SUV,Red,1973,5508
Sedan,Red,2004,217791
Sport,White,2010,104215
SUV,White,1999,95852
Truck,Black,1977,241189
Truck,Gray,1991,1378
Sedan,Gray,2009,68893
Truck,Red,2018,247639
Sport,Gray,2020,89183
Van,Gray,2021,198360
Sport,Red,1978,64746
Sport,Red,1979,82889
Sedan,Blue,1976,1753
Sedan,Red,2020,20721
Sedan,Red,1991,105188
SUV,Red,1999,173702
Sedan,Red,1995,185015
Truck,White,2014,32922
Sedan,White,2020,169123
Sedan,Black,2015,55441
Sedan,White,1993,52314
Truck,Red,2004,28757
Van,White,2018,137996
Van,Blue,1995,219320
SUV,Red,1986,200989
Sedan,Gray,2008,202028
Sport,Red,2010,224190
Sedan,Red,2007,165704
Van,Red,2018,159457
Sport,Gray,2019,130463
Sedan,Red,1980,133914
SUV,White,2021,84770
Sedan,Black,1988,194425
SUV,Gray,1984,162325
SUV,Gray,1984,27756
Truck,Red,2019,26209
Sport,White,2020,113394
SUV,Blue,1973,163361
Sedan,Red,2019,34503
Van,Red,2003,236289
Sedan,Red,1978,39891
Sedan,Blue,1994,225446
Sedan,White,2005,243074
Truck,Red,2020,211613
SUV,Red,1975,183320
Sport,Red,2006,7155
Truck,White,1979,116969
Sport,Black,1992,186454
SUV,Red,1992,194260
Sedan,Black,2007,120547
Sedan,Blue,1996,167631
Van,Red,1991,89372
Sedan,Gray,1978,89123
Truck,Blue,2017,120982
Sport,White,1989,168401
Sedan,Red,1977,148578
Van,Blue,2010,222164
Sport,Red,1974,52869
Van,Red,2005,209225
Van,Red,1982,219753
Van,Red,2017,127215
Truck,Gray,1989,144960
SUV,White,2015,160055
Sport,Black,1991,202844
Sport,Gray,1985,93755
Truck,White,1982,120562
Sedan,White,1973,131067
Truck,White,2017,34835
Sedan,Red,2002,187424
Van,Blue,2019,204419
Van,Gray,1995,160372
Sedan,Red,1993,161260
SUV,Black,1998,117594
Truck,Red,1983,52921
Sedan,Red,2016,204270
SUV,Gray,2000,211563
SUV,Red,2019,48722
Truck,Gray,1990,228555
Sedan,Red,2000,248612
Sedan,Red,1992,119545
Van,Black,1983,196298
SUV,White,2003,206552
Sedan,Black,1980,204197
SUV,White,2019,74371
SUV,Black,1976,191306
Truck,Gray,1999,196803
Sedan,Red,1987,91240
Sedan,Gray,1999,108056
Truck,Gray,1973,166841
Sedan,Black,2017,58113
Sedan,White,1989,39258
Truck,Red,1993,41042
Truck,Red,2002,112558
Sport,Red,2014,124132
Sedan,White,2018,244574
Van,Gray,1990,29422
Sedan,Black,1988,113872
Sedan,Gray,2011,80279
Sedan,Blue,2022,24029
Sedan,Black,2009,48843
Van,Red,1990,34088
SUV,Blue,2001,24510
Truck,White,2015,95227
Van,Blue,2007,69925
Sedan,Black,2002,192840
Van,Blue,2006,213476
SUV,Black,2014,158938
Sedan,Blue,1982,198479
Van,White,1992,12879
Sedan,Red,2014,38466
Sedan,Blue,1978,201420
Sedan,Black,1983,22873
Van,Blue,2000,200497
Van,White,1992,146573
Sport,Red,2007,29925
SUV,White,1987,3618
Sedan,Red,2013,168564
Sedan,Gray,1996,88138
Sedan,White,1978,222200
Sport,Gray,1990,186082
Sport,Gray,2004,80979
Sedan,Black,2003,218316
Truck,Red,1988,239612
Sport,Red,2010,183066
Sedan,Blue,2018,239415
SUV,Red,1979,122151
Sport,Blue,1992,47990
Van,Gray,1983,120872
Sedan,Black,1983,103843
Sedan,Black,1973,77229
Van,Red,1981,33255
Van,Gray,1977,83443
SUV,Gray,2004,54918
Sport,Gray,1982,112478
Sport,Red,2019,68351
Sedan,Gray,1988,35060
Sedan,Red,2015,227690
Sedan,Gray,2018,37672
Sedan,Gray,1975,231172
Van,Gray,2016,144514
Sedan,Red,2006,136952
Sedan,Red,1988,41361
Sedan,Red,1984,216479
Sport,Red,1990,127825
Sedan,Gray,1983,35969
Truck,White,2003,94026
Van,Red,2001,31108
Truck,White,2014,95380
Sedan,Red,2008,92251
Van,Gray,1982,115257
Truck,Red,1999,125975
Sedan,Red,1990,83493
Sedan,Blue,1993,208150
Truck,White,1987,181484
Sedan,White,1983,42260
SUV,Red,2010,117900
Sedan,Black,1997,183943
Truck,White,2022,68626
SUV,Gray,2010,38831
Sedan,White,1988,52150
Sport,Red,2007,87996
Sedan,Red,2010,169809
Truck,Black,2002,138772
Sedan,White,2013,216041
SUV,Blue,1998,118968
Van,Black,1975,144865
Sedan,White,2000,201555
SUV,Gray,2003,29177
Truck,Red,2016,162518
Sedan,Blue,1979,3339
Truck,Gray,1985,220061
Truck,Blue,2017,202691
SUV,Red,2000,164802
Van,Red,2015,192010
Truck,Red,2008,111689
Truck,Blue,1977,46427
Van,Black,1981,162960
SUV,Black,1993,149378
Sedan,Gray,1984,215796
Truck,Blue,2003,242168
Truck,Gray,2008,6999
Van,Red,1984,236052
Sedan,Red,1978,28014
Van,Red,1993,62794
Sport,White,1999,226111
Sedan,Blue,2023,67526
Sedan,Red,2012,247697
Van,Blue,1988,160417
Sedan,Blue,2018,235928
SUV,Red,2005,218341
Sedan,Red,2020,5723
Sedan,Red,1990,140908
SUV,Red,2019,52956
Van,Black,1978,12930
SUV,Red,2002,110822
Sedan,Black,1978,35392
Truck,Red,2016,224555
SUV,Blue,1990,235529
Sedan,Red,2021,70567
Sedan,White,1974,223445
Sedan,Red,1986,27872
Truck,Red,1998,134841
Sedan,Gray,1985,186612
Sedan,Black,1977,205933
Sedan,White,1995,235190
Sedan,White,1973,194760
Van,White,1989,118103
Sedan,Red,2008,145678
Sedan,Blue,2010,34703
Sedan,White,1988,34362
Van,Red,2000,125534
Sedan,Red,1993,60237
Sedan,Black,2009,17633
Van,White,1990,245193
Truck,Red,1978,226264
Sedan,Red,2010,22603
Sedan,Red,2002,208433
Truck,White,1980,142462
SUV,Blue,1973,161612
SUV,White,1974,42732
Sedan,Black,1978,135697
Sedan,Blue,1974,99823
SUV,White,2019,43958
SUV,Black,1986,21930
Truck,Black,1981,9036
Sport,Red,2007,232351
SUV,Black,1998,171605
Sport,Red,2003,191108
SUV,Black,1988,60655
Van,Gray,2020,159739
Truck,Red,2023,142307
Van,Black,1980,12247
SUV,Blue,1999,5868
Sedan,White,1995,2113
SUV,Red,2009,115487
Sport,Red,1984,241512
SUV,Gray,2000,42942
Van,Gray,1991,27517
Van,White,2001,241781
Sport,Black,2015,21648
SUV,White,1974,59055
Sedan,Gray,1998,41132
SUV,White,1992,222172
Sport,Red,1995,238402
Truck,Red,1989,125506
Van,Blue,1997,23165
Sedan,Red,1988,227963
SUV,Blue,2010,71514
Truck,Red,2008,11296
Van,Blue,2018,67463
Sedan,Red,1983,231696
Van,White,2003,213127
Sport,White,2004,10804
Truck,White,2011,140259
Sedan,Blue,1989,242181
Truck,Black,1999,146181
Sport,Gray,2016,127038
Sedan,Red,2001,48996
SUV,Red,1991,31727
Truck,Blue,1997,217514
Sport,Black,1997,194169
Truck,Red,1986,53336
Sport,Blue,1983,235923
Sport,White,1989,62118
Van,Black,2014,242162
SUV,Red,1994,119938
Sedan,Red,2005,201460
Sedan,Black,1985,224915
Truck,Red,1988,51160
Truck,Blue,1983,66073
Van,White,2022,100706
Sport,Gray,2014,198630
Sport,Red,1981,235288
